key,name,value,unit,gas,gwp_set,ghg_scope,ghg_category,source_id,source_ref,retrieved,note,updated,value_invalid,is_duplicate_key,is_biogenic_memo,gwp_set_missing_structural,gwp_set_missing_unexpected,note_missing,outlier_flag,outlier_reason
fuels.gbr.aviation_spirit.kwh_gcv,UK Aviation spirit — combustion (kWh (Gross CV)),0.24382,kg CO2e per kWh,CO2e,AR5_100,scope1,stationary_combustion,DEFRA_2026,'Fuels'!D62,2026-06-18,,2026-06-18,False,False,False,False,False,True,False,
fuels.gbr.aviation_spirit.kwh_ncv,UK Aviation spirit — combustion (kWh (Net CV)),0.25666,kg CO2e per kWh,CO2e,AR5_100,scope1,stationary_combustion,DEFRA_2026,'Fuels'!D61,2026-06-18,,2026-06-18,False,False,False,False,False,True,False,
fuels.gbr.aviation_spirit.litre,UK Aviation spirit — combustion (litres),2.33116,kg CO2e per litre,CO2e,AR5_100,scope1,stationary_combustion,DEFRA_2026,'Fuels'!D60,2026-06-18,,2026-06-18,False,False,False,False,False,True,False,
fuels.gbr.aviation_spirit.tonne,UK Aviation spirit — combustion (tonnes),3193.6948,kg CO2e per tonne,CO2e,AR5_100,scope1,stationary_combustion,DEFRA_2026,'Fuels'!D59,2026-06-18,,2026-06-18,False,False,False,False,False,True,False,
fuels.gbr.aviation_turbine_fuel.kwh_gcv,UK Aviation turbine fuel — combustion (kWh (Gross CV)),0.24758,kg CO2e per kWh,CO2e,AR5_100,scope1,stationary_combustion,DEFRA_2026,'Fuels'!D66,2026-06-18,,2026-06-18,False,False,False,False,False,True,False,
fuels.gbr.aviation_turbine_fuel.kwh_ncv,UK Aviation turbine fuel — combustion (kWh (Net CV)),0.26061,kg CO2e per kWh,CO2e,AR5_100,scope1,stationary_combustion,DEFRA_2026,'Fuels'!D65,2026-06-18,,2026-06-18,False,False,False,False,False,True,False,
fuels.gbr.aviation_turbine_fuel.litre,UK Aviation turbine fuel — combustion (litres),2.54269,kg CO2e per litre,CO2e,AR5_100,scope1,stationary_combustion,DEFRA_2026,'Fuels'!D64,2026-06-18,,2026-06-18,False,False,False,False,False,True,False,
fuels.gbr.aviation_turbine_fuel.tonne,UK Aviation turbine fuel — combustion (tonnes),3178.3652,kg CO2e per tonne,CO2e,AR5_100,scope1,stationary_combustion,DEFRA_2026,'Fuels'!D63,2026-06-18,,2026-06-18,False,False,False,False,False,True,False,
fuels.gbr.bio.avtur_renewable.gj,UK Avtur (renewable) — combustion non-CO2 (GJ),0.7234,kg CO2e per GJ,CO2e,AR5_100,scope1,stationary_combustion,DEFRA_2026,'Bioenergy'!D57,2026-06-18,Non-CO2 component only (CH4 + N2O at AR5). DEFRA Bioenergy sheet does not publish per-gas decomposition; AR6 alternate unavailable. Biogenic CO2 for this fuel shipped in v2025.12a (paired key fuels.uk.bio.biogenic.avtur_renewable.gj).,2026-06-18,False,False,False,False,False,False,False,
fuels.gbr.bio.avtur_renewable.kg,UK Avtur (renewable) — combustion non-CO2 (kg),0.03179,kg CO2e per kg,CO2e,AR5_100,scope1,stationary_combustion,DEFRA_2026,'Bioenergy'!D58,2026-06-18,Non-CO2 component only (CH4 + N2O at AR5). DEFRA Bioenergy sheet does not publish per-gas decomposition; AR6 alternate unavailable. Biogenic CO2 for this fuel shipped in v2025.12a (paired key fuels.uk.bio.biogenic.avtur_renewable.kg).,2026-06-18,False,False,False,False,False,False,False,
fuels.gbr.bio.avtur_renewable.litre,UK Avtur (renewable) — combustion non-CO2 (litres),0.02533,kg CO2e per litre,CO2e,AR5_100,scope1,stationary_combustion,DEFRA_2026,'Bioenergy'!D56,2026-06-18,Non-CO2 component only (CH4 + N2O at AR5). DEFRA Bioenergy sheet does not publish per-gas decomposition; AR6 alternate unavailable. Biogenic CO2 for this fuel shipped in v2025.12a (paired key fuels.uk.bio.biogenic.avtur_renewable.litre).,2026-06-18,False,False,False,False,False,False,True,log-z=-6.17
fuels.gbr.bio.biodiesel_hvo.gj,UK Biodiesel HVO — combustion non-CO2 (GJ),1.03677,kg CO2e per GJ,CO2e,AR5_100,scope1,stationary_combustion,DEFRA_2026,'Bioenergy'!D36,2026-06-18,Non-CO2 component only (CH4 + N2O at AR5). DEFRA Bioenergy sheet does not publish per-gas decomposition; AR6 alternate unavailable. Biogenic CO2 for this fuel shipped in v2025.12a (paired key fuels.uk.bio.biogenic.biodiesel_hvo.gj).,2026-06-18,False,False,False,False,False,False,False,
fuels.gbr.bio.biodiesel_hvo.kg,UK Biodiesel HVO — combustion non-CO2 (kg),0.04562,kg CO2e per kg,CO2e,AR5_100,scope1,stationary_combustion,DEFRA_2026,'Bioenergy'!D37,2026-06-18,Non-CO2 component only (CH4 + N2O at AR5). DEFRA Bioenergy sheet does not publish per-gas decomposition; AR6 alternate unavailable. Biogenic CO2 for this fuel shipped in v2025.12a (paired key fuels.uk.bio.biogenic.biodiesel_hvo.kg).,2026-06-18,False,False,False,False,False,False,False,
fuels.gbr.bio.biodiesel_hvo.litre,UK Biodiesel HVO — combustion non-CO2 (litres),0.03558,kg CO2e per litre,CO2e,AR5_100,scope1,stationary_combustion,DEFRA_2026,'Bioenergy'!D35,2026-06-18,Non-CO2 component only (CH4 + N2O at AR5). DEFRA Bioenergy sheet does not publish per-gas decomposition; AR6 alternate unavailable. Biogenic CO2 for this fuel shipped in v2025.12a (paired key fuels.uk.bio.biogenic.biodiesel_hvo.litre).,2026-06-18,False,False,False,False,False,False,True,log-z=-5.68
fuels.gbr.bio.biodiesel_me.gj,UK Biodiesel ME — combustion non-CO2 (GJ),5.05961,kg CO2e per GJ,CO2e,AR5_100,scope1,stationary_combustion,DEFRA_2026,'Bioenergy'!D24,2026-06-18,Non-CO2 component only (CH4 + N2O at AR5). DEFRA Bioenergy sheet does not publish per-gas decomposition; AR6 alternate unavailable. Biogenic CO2 for this fuel shipped in v2025.12a (paired key fuels.uk.bio.biogenic.biodiesel_me.gj).,2026-06-18,False,False,False,False,False,False,False,
fuels.gbr.bio.biodiesel_me.kg,UK Biodiesel ME — combustion non-CO2 (kg),0.18822,kg CO2e per kg,CO2e,AR5_100,scope1,stationary_combustion,DEFRA_2026,'Bioenergy'!D25,2026-06-18,Non-CO2 component only (CH4 + N2O at AR5). DEFRA Bioenergy sheet does not publish per-gas decomposition; AR6 alternate unavailable. Biogenic CO2 for this fuel shipped in v2025.12a (paired key fuels.uk.bio.biogenic.biodiesel_me.kg).,2026-06-18,False,False,False,False,False,False,False,
fuels.gbr.bio.biodiesel_me.litre,UK Biodiesel ME — combustion non-CO2 (litres),0.16751,kg CO2e per litre,CO2e,AR5_100,scope1,stationary_combustion,DEFRA_2026,'Bioenergy'!D23,2026-06-18,Non-CO2 component only (CH4 + N2O at AR5). DEFRA Bioenergy sheet does not publish per-gas decomposition; AR6 alternate unavailable. Biogenic CO2 for this fuel shipped in v2025.12a (paired key fuels.uk.bio.biogenic.biodiesel_me.litre).,2026-06-18,False,False,False,False,False,False,False,
fuels.gbr.bio.biodiesel_me_from_tallow.gj,UK Biodiesel ME (from tallow) — combustion non-CO2 (GJ),5.05961,kg CO2e per GJ,CO2e,AR5_100,scope1,stationary_combustion,DEFRA_2026,'Bioenergy'!D33,2026-06-18,Non-CO2 component only (CH4 + N2O at AR5). DEFRA Bioenergy sheet does not publish per-gas decomposition; AR6 alternate unavailable. Biogenic CO2 for this fuel shipped in v2025.12a (paired key fuels.uk.bio.biogenic.biodiesel_me_from_tallow.gj).,2026-06-18,False,False,False,False,False,False,False,
fuels.gbr.bio.biodiesel_me_from_tallow.kg,UK Biodiesel ME (from tallow) — combustion non-CO2 (kg),0.18822,kg CO2e per kg,CO2e,AR5_100,scope1,stationary_combustion,DEFRA_2026,'Bioenergy'!D34,2026-06-18,Non-CO2 component only (CH4 + N2O at AR5). DEFRA Bioenergy sheet does not publish per-gas decomposition; AR6 alternate unavailable. Biogenic CO2 for this fuel shipped in v2025.12a (paired key fuels.uk.bio.biogenic.biodiesel_me_from_tallow.kg).,2026-06-18,False,False,False,False,False,False,False,
fuels.gbr.bio.biodiesel_me_from_tallow.litre,UK Biodiesel ME (from tallow) — combustion non-CO2 (litres),0.16751,kg CO2e per litre,CO2e,AR5_100,scope1,stationary_combustion,DEFRA_2026,'Bioenergy'!D32,2026-06-18,Non-CO2 component only (CH4 + N2O at AR5). DEFRA Bioenergy sheet does not publish per-gas decomposition; AR6 alternate unavailable. Biogenic CO2 for this fuel shipped in v2025.12a (paired key fuels.uk.bio.biogenic.biodiesel_me_from_tallow.litre).,2026-06-18,False,False,False,False,False,False,False,
fuels.gbr.bio.biodiesel_me_from_used_cooking_oil.gj,UK Biodiesel ME (from used cooking oil) — combustion non-CO2 (GJ),5.05961,kg CO2e per GJ,CO2e,AR5_100,scope1,stationary_combustion,DEFRA_2026,'Bioenergy'!D30,2026-06-18,Non-CO2 component only (CH4 + N2O at AR5). DEFRA Bioenergy sheet does not publish per-gas decomposition; AR6 alternate unavailable. Biogenic CO2 for this fuel shipped in v2025.12a (paired key fuels.uk.bio.biogenic.biodiesel_me_from_used_cooking_oil.gj).,2026-06-18,False,False,False,False,False,False,False,
fuels.gbr.bio.biodiesel_me_from_used_cooking_oil.kg,UK Biodiesel ME (from used cooking oil) — combustion non-CO2 (kg),0.18822,kg CO2e per kg,CO2e,AR5_100,scope1,stationary_combustion,DEFRA_2026,'Bioenergy'!D31,2026-06-18,Non-CO2 component only (CH4 + N2O at AR5). DEFRA Bioenergy sheet does not publish per-gas decomposition; AR6 alternate unavailable. Biogenic CO2 for this fuel shipped in v2025.12a (paired key fuels.uk.bio.biogenic.biodiesel_me_from_used_cooking_oil.kg).,2026-06-18,False,False,False,False,False,False,False,
fuels.gbr.bio.biodiesel_me_from_used_cooking_oil.litre,UK Biodiesel ME (from used cooking oil) — combustion non-CO2 (litres),0.16751,kg CO2e per litre,CO2e,AR5_100,scope1,stationary_combustion,DEFRA_2026,'Bioenergy'!D29,2026-06-18,Non-CO2 component only (CH4 + N2O at AR5). DEFRA Bioenergy sheet does not publish per-gas decomposition; AR6 alternate unavailable. Biogenic CO2 for this fuel shipped in v2025.12a (paired key fuels.uk.bio.biogenic.biodiesel_me_from_used_cooking_oil.litre).,2026-06-18,False,False,False,False,False,False,False,
fuels.gbr.bio.bioethanol.gj,UK Bioethanol — combustion non-CO2 (GJ),0.42339,kg CO2e per GJ,CO2e,AR5_100,scope1,stationary_combustion,DEFRA_2026,'Bioenergy'!D21,2026-06-18,Non-CO2 component only (CH4 + N2O at AR5). DEFRA Bioenergy sheet does not publish per-gas decomposition; AR6 alternate unavailable. Biogenic CO2 for this fuel shipped in v2025.12a (paired key fuels.uk.bio.biogenic.bioethanol.gj).,2026-06-18,False,False,False,False,False,False,False,
fuels.gbr.bio.bioethanol.kg,UK Bioethanol — combustion non-CO2 (kg),0.01135,kg CO2e per kg,CO2e,AR5_100,scope1,stationary_combustion,DEFRA_2026,'Bioenergy'!D22,2026-06-18,Non-CO2 component only (CH4 + N2O at AR5). DEFRA Bioenergy sheet does not publish per-gas decomposition; AR6 alternate unavailable. Biogenic CO2 for this fuel shipped in v2025.12a (paired key fuels.uk.bio.biogenic.bioethanol.kg).,2026-06-18,False,False,False,False,False,False,False,
fuels.gbr.bio.bioethanol.litre,UK Bioethanol — combustion non-CO2 (litres),0.00901,kg CO2e per litre,CO2e,AR5_100,scope1,stationary_combustion,DEFRA_2026,'Bioenergy'!D20,2026-06-18,Non-CO2 component only (CH4 + N2O at AR5). DEFRA Bioenergy sheet does not publish per-gas decomposition; AR6 alternate unavailable. Biogenic CO2 for this fuel shipped in v2025.12a (paired key fuels.uk.bio.biogenic.bioethanol.litre).,2026-06-18,False,False,False,False,False,False,True,log-z=-7.68
fuels.gbr.bio.biogas.kwh,UK Biogas — combustion non-CO2 (kWh),0.00022,kg CO2e per kWh,CO2e,AR5_100,scope1,stationary_combustion,DEFRA_2026,'Bioenergy'!D76,2026-06-18,Non-CO2 component only (CH4 + N2O at AR5). DEFRA Bioenergy sheet does not publish per-gas decomposition; AR6 alternate unavailable. Biogenic CO2 for this fuel shipped in v2025.12a (paired key fuels.uk.bio.biogenic.biogas.kwh).,2026-06-18,False,False,False,False,False,False,True,log-z=-44.52; outside 3.0x IQR of unit group
fuels.gbr.bio.biogas.tonne,UK Biogas — combustion non-CO2 (tonnes),1.22851,kg CO2e per tonne,CO2e,AR5_100,scope1,stationary_combustion,DEFRA_2026,'Bioenergy'!D75,2026-06-18,Non-CO2 component only (CH4 + N2O at AR5). DEFRA Bioenergy sheet does not publish per-gas decomposition; AR6 alternate unavailable. Biogenic CO2 for this fuel shipped in v2025.12a (paired key fuels.uk.bio.biogenic.biogas.tonne).,2026-06-18,False,False,False,False,False,False,True,log-z=-70.79; outside 3.0x IQR of unit group
fuels.gbr.bio.biogenic.avtur_renewable.gj,UK Avtur (renewable) — biogenic CO2 memo (GJ),71.74,kg CO2 per GJ,CO2,,outside_scopes,biogenic_co2_memo,DEFRA_2026,'Outside of scopes'!D68,2026-06-18,Biogenic CO2 memo — outside GHG Protocol scope totals. Pair with non-CO2 row fuels.uk.bio.avtur_renewable.gj (shipping in v2025.12b) for full bio-fuel accounting.,2026-06-18,False,False,True,True,False,False,False,
fuels.gbr.bio.biogenic.avtur_renewable.kg,UK Avtur (renewable) — biogenic CO2 memo (kg),3.15,kg CO2 per kg,CO2,,outside_scopes,biogenic_co2_memo,DEFRA_2026,'Outside of scopes'!D69,2026-06-18,Biogenic CO2 memo — outside GHG Protocol scope totals. Pair with non-CO2 row fuels.uk.bio.avtur_renewable.kg (shipping in v2025.12b) for full bio-fuel accounting.,2026-06-18,False,False,True,True,False,False,False,
fuels.gbr.bio.biogenic.avtur_renewable.litre,UK Avtur (renewable) — biogenic CO2 memo (litres),2.51,kg CO2 per litre,CO2,,outside_scopes,biogenic_co2_memo,DEFRA_2026,'Outside of scopes'!D67,2026-06-18,Biogenic CO2 memo — outside GHG Protocol scope totals. Pair with non-CO2 row fuels.uk.bio.avtur_renewable.litre (shipping in v2025.12b) for full bio-fuel accounting.,2026-06-18,False,False,True,True,False,False,False,
fuels.gbr.bio.biogenic.biodiesel_hvo.gj,UK Biodiesel HVO — biogenic CO2 memo (GJ),70.83,kg CO2 per GJ,CO2,,outside_scopes,biogenic_co2_memo,DEFRA_2026,'Outside of scopes'!D47,2026-06-18,Biogenic CO2 memo — outside GHG Protocol scope totals. Pair with non-CO2 row fuels.uk.bio.biodiesel_hvo.gj (shipping in v2025.12b) for full bio-fuel accounting.,2026-06-18,False,False,True,True,False,False,False,
fuels.gbr.bio.biogenic.biodiesel_hvo.kg,UK Biodiesel HVO — biogenic CO2 memo (kg),3.12,kg CO2 per kg,CO2,,outside_scopes,biogenic_co2_memo,DEFRA_2026,'Outside of scopes'!D48,2026-06-18,Biogenic CO2 memo — outside GHG Protocol scope totals. Pair with non-CO2 row fuels.uk.bio.biodiesel_hvo.kg (shipping in v2025.12b) for full bio-fuel accounting.,2026-06-18,False,False,True,True,False,False,False,
fuels.gbr.bio.biogenic.biodiesel_hvo.litre,UK Biodiesel HVO — biogenic CO2 memo (litres),2.43,kg CO2 per litre,CO2,,outside_scopes,biogenic_co2_memo,DEFRA_2026,'Outside of scopes'!D46,2026-06-18,Biogenic CO2 memo — outside GHG Protocol scope totals. Pair with non-CO2 row fuels.uk.bio.biodiesel_hvo.litre (shipping in v2025.12b) for full bio-fuel accounting.,2026-06-18,False,False,True,True,False,False,False,
fuels.gbr.bio.biogenic.biodiesel_me.gj,UK Biodiesel ME — biogenic CO2 memo (GJ),72.16,kg CO2 per GJ,CO2,,outside_scopes,biogenic_co2_memo,DEFRA_2026,'Outside of scopes'!D35,2026-06-18,Biogenic CO2 memo — outside GHG Protocol scope totals. Pair with non-CO2 row fuels.uk.bio.biodiesel_me.gj (shipping in v2025.12b) for full bio-fuel accounting.,2026-06-18,False,False,True,True,False,False,False,
fuels.gbr.bio.biogenic.biodiesel_me.kg,UK Biodiesel ME — biogenic CO2 memo (kg),2.68,kg CO2 per kg,CO2,,outside_scopes,biogenic_co2_memo,DEFRA_2026,'Outside of scopes'!D36,2026-06-18,Biogenic CO2 memo — outside GHG Protocol scope totals. Pair with non-CO2 row fuels.uk.bio.biodiesel_me.kg (shipping in v2025.12b) for full bio-fuel accounting.,2026-06-18,False,False,True,True,False,False,False,
fuels.gbr.bio.biogenic.biodiesel_me.litre,UK Biodiesel ME — biogenic CO2 memo (litres),2.39,kg CO2 per litre,CO2,,outside_scopes,biogenic_co2_memo,DEFRA_2026,'Outside of scopes'!D34,2026-06-18,Biogenic CO2 memo — outside GHG Protocol scope totals. Pair with non-CO2 row fuels.uk.bio.biodiesel_me.litre (shipping in v2025.12b) for full bio-fuel accounting.,2026-06-18,False,False,True,True,False,False,False,
fuels.gbr.bio.biogenic.biodiesel_me_from_tallow.gj,UK Biodiesel ME (from Tallow) — biogenic CO2 memo (GJ),72.16,kg CO2 per GJ,CO2,,outside_scopes,biogenic_co2_memo,DEFRA_2026,'Outside of scopes'!D44,2026-06-18,Biogenic CO2 memo — outside GHG Protocol scope totals. Pair with non-CO2 row fuels.uk.bio.biodiesel_me_from_tallow.gj (shipping in v2025.12b) for full bio-fuel accounting.,2026-06-18,False,False,True,True,False,False,False,
fuels.gbr.bio.biogenic.biodiesel_me_from_tallow.kg,UK Biodiesel ME (from Tallow) — biogenic CO2 memo (kg),2.68,kg CO2 per kg,CO2,,outside_scopes,biogenic_co2_memo,DEFRA_2026,'Outside of scopes'!D45,2026-06-18,Biogenic CO2 memo — outside GHG Protocol scope totals. Pair with non-CO2 row fuels.uk.bio.biodiesel_me_from_tallow.kg (shipping in v2025.12b) for full bio-fuel accounting.,2026-06-18,False,False,True,True,False,False,False,
fuels.gbr.bio.biogenic.biodiesel_me_from_tallow.litre,UK Biodiesel ME (from Tallow) — biogenic CO2 memo (litres),2.39,kg CO2 per litre,CO2,,outside_scopes,biogenic_co2_memo,DEFRA_2026,'Outside of scopes'!D43,2026-06-18,Biogenic CO2 memo — outside GHG Protocol scope totals. Pair with non-CO2 row fuels.uk.bio.biodiesel_me_from_tallow.litre (shipping in v2025.12b) for full bio-fuel accounting.,2026-06-18,False,False,True,True,False,False,False,
fuels.gbr.bio.biogenic.biodiesel_me_from_used_cooking_oil.gj,UK Biodiesel ME (from used cooking oil) — biogenic CO2 memo (GJ),72.16,kg CO2 per GJ,CO2,,outside_scopes,biogenic_co2_memo,DEFRA_2026,'Outside of scopes'!D41,2026-06-18,Biogenic CO2 memo — outside GHG Protocol scope totals. Pair with non-CO2 row fuels.uk.bio.biodiesel_me_from_used_cooking_oil.gj (shipping in v2025.12b) for full bio-fuel accounting.,2026-06-18,False,False,True,True,False,False,False,
fuels.gbr.bio.biogenic.biodiesel_me_from_used_cooking_oil.kg,UK Biodiesel ME (from used cooking oil) — biogenic CO2 memo (kg),2.68,kg CO2 per kg,CO2,,outside_scopes,biogenic_co2_memo,DEFRA_2026,'Outside of scopes'!D42,2026-06-18,Biogenic CO2 memo — outside GHG Protocol scope totals. Pair with non-CO2 row fuels.uk.bio.biodiesel_me_from_used_cooking_oil.kg (shipping in v2025.12b) for full bio-fuel accounting.,2026-06-18,False,False,True,True,False,False,False,
fuels.gbr.bio.biogenic.biodiesel_me_from_used_cooking_oil.litre,UK Biodiesel ME (from used cooking oil) — biogenic CO2 memo (litres),2.39,kg CO2 per litre,CO2,,outside_scopes,biogenic_co2_memo,DEFRA_2026,'Outside of scopes'!D40,2026-06-18,Biogenic CO2 memo — outside GHG Protocol scope totals. Pair with non-CO2 row fuels.uk.bio.biodiesel_me_from_used_cooking_oil.litre (shipping in v2025.12b) for full bio-fuel accounting.,2026-06-18,False,False,True,True,False,False,False,
fuels.gbr.bio.biogenic.bioethanol.gj,UK Bioethanol — biogenic CO2 memo (GJ),71.37,kg CO2 per GJ,CO2,,outside_scopes,biogenic_co2_memo,DEFRA_2026,'Outside of scopes'!D32,2026-06-18,Biogenic CO2 memo — outside GHG Protocol scope totals. Pair with non-CO2 row fuels.uk.bio.bioethanol.gj (shipping in v2025.12b) for full bio-fuel accounting.,2026-06-18,False,False,True,True,False,False,False,
fuels.gbr.bio.biogenic.bioethanol.kg,UK Bioethanol — biogenic CO2 memo (kg),1.91,kg CO2 per kg,CO2,,outside_scopes,biogenic_co2_memo,DEFRA_2026,'Outside of scopes'!D33,2026-06-18,Biogenic CO2 memo — outside GHG Protocol scope totals. Pair with non-CO2 row fuels.uk.bio.bioethanol.kg (shipping in v2025.12b) for full bio-fuel accounting.,2026-06-18,False,False,True,True,False,False,False,
fuels.gbr.bio.biogenic.bioethanol.litre,UK Bioethanol — biogenic CO2 memo (litres),1.52,kg CO2 per litre,CO2,,outside_scopes,biogenic_co2_memo,DEFRA_2026,'Outside of scopes'!D31,2026-06-18,Biogenic CO2 memo — outside GHG Protocol scope totals. Pair with non-CO2 row fuels.uk.bio.bioethanol.litre (shipping in v2025.12b) for full bio-fuel accounting.,2026-06-18,False,False,True,True,False,False,True,log-z=-6.23
fuels.gbr.bio.biogenic.biomethane_compressed.gj,UK Biomethane (compressed) — biogenic CO2 memo (GJ),55.28,kg CO2 per GJ,CO2,,outside_scopes,biogenic_co2_memo,DEFRA_2026,'Outside of scopes'!D38,2026-06-18,Biogenic CO2 memo — outside GHG Protocol scope totals. Pair with non-CO2 row fuels.uk.bio.biomethane_compressed.gj (shipping in v2025.12b) for full bio-fuel accounting.,2026-06-18,False,False,True,True,False,False,True,log-z=-15.65; outside 3.0x IQR of unit group
fuels.gbr.bio.biogenic.biomethane_compressed.kg,UK Biomethane (compressed) — biogenic CO2 memo (kg),2.71,kg CO2 per kg,CO2,,outside_scopes,biogenic_co2_memo,DEFRA_2026,'Outside of scopes'!D39,2026-06-18,Biogenic CO2 memo — outside GHG Protocol scope totals. Pair with non-CO2 row fuels.uk.bio.biomethane_compressed.kg (shipping in v2025.12b) for full bio-fuel accounting.,2026-06-18,False,False,True,True,False,False,False,
fuels.gbr.bio.biogenic.biomethane_liquified.gj,UK Biomethane (liquified) — biogenic CO2 memo (GJ),56.8,kg CO2 per GJ,CO2,,outside_scopes,biogenic_co2_memo,DEFRA_2026,'Outside of scopes'!D62,2026-06-18,Biogenic CO2 memo — outside GHG Protocol scope totals. Pair with non-CO2 row fuels.uk.bio.biomethane_liquified.gj (shipping in v2025.12b) for full bio-fuel accounting.,2026-06-18,False,False,True,True,False,False,True,log-z=-13.99; outside 3.0x IQR of unit group
fuels.gbr.bio.biogenic.biomethane_liquified.kg,UK Biomethane (liquified) — biogenic CO2 memo (kg),2.78,kg CO2 per kg,CO2,,outside_scopes,biogenic_co2_memo,DEFRA_2026,'Outside of scopes'!D63,2026-06-18,Biogenic CO2 memo — outside GHG Protocol scope totals. Pair with non-CO2 row fuels.uk.bio.biomethane_liquified.kg (shipping in v2025.12b) for full bio-fuel accounting.,2026-06-18,False,False,True,True,False,False,False,
fuels.gbr.bio.biogenic.biopropane.gj,UK Biopropane — biogenic CO2 memo (GJ),64.51,kg CO2 per GJ,CO2,,outside_scopes,biogenic_co2_memo,DEFRA_2026,'Outside of scopes'!D50,2026-06-18,Biogenic CO2 memo — outside GHG Protocol scope totals. Pair with non-CO2 row fuels.uk.bio.biopropane.gj (shipping in v2025.12b) for full bio-fuel accounting.,2026-06-18,False,False,True,True,False,False,True,log-z=-6.19
fuels.gbr.bio.biogenic.biopropane.kg,UK Biopropane — biogenic CO2 memo (kg),2.99,kg CO2 per kg,CO2,,outside_scopes,biogenic_co2_memo,DEFRA_2026,'Outside of scopes'!D51,2026-06-18,Biogenic CO2 memo — outside GHG Protocol scope totals. Pair with non-CO2 row fuels.uk.bio.biopropane.kg (shipping in v2025.12b) for full bio-fuel accounting.,2026-06-18,False,False,True,True,False,False,False,
fuels.gbr.bio.biogenic.biopropane.litre,UK Biopropane — biogenic CO2 memo (litres),1.54,kg CO2 per litre,CO2,,outside_scopes,biogenic_co2_memo,DEFRA_2026,'Outside of scopes'!D49,2026-06-18,Biogenic CO2 memo — outside GHG Protocol scope totals. Pair with non-CO2 row fuels.uk.bio.biopropane.litre (shipping in v2025.12b) for full bio-fuel accounting.,2026-06-18,False,False,True,True,False,False,True,log-z=-6.05
fuels.gbr.bio.biogenic.development_diesel.gj,UK Development diesel — biogenic CO2 memo (GJ),73.54,kg CO2 per GJ,CO2,,outside_scopes,biogenic_co2_memo,DEFRA_2026,'Outside of scopes'!D53,2026-06-18,Biogenic CO2 memo — outside GHG Protocol scope totals. Pair with non-CO2 row fuels.uk.bio.development_diesel.gj (shipping in v2025.12b) for full bio-fuel accounting.,2026-06-18,False,False,True,True,False,False,False,
fuels.gbr.bio.biogenic.development_diesel.kg,UK Development diesel — biogenic CO2 memo (kg),3.16,kg CO2 per kg,CO2,,outside_scopes,biogenic_co2_memo,DEFRA_2026,'Outside of scopes'!D54,2026-06-18,Biogenic CO2 memo — outside GHG Protocol scope totals. Pair with non-CO2 row fuels.uk.bio.development_diesel.kg (shipping in v2025.12b) for full bio-fuel accounting.,2026-06-18,False,False,True,True,False,False,False,
fuels.gbr.bio.biogenic.development_diesel.litre,UK Development diesel — biogenic CO2 memo (litres),2.63,kg CO2 per litre,CO2,,outside_scopes,biogenic_co2_memo,DEFRA_2026,'Outside of scopes'!D52,2026-06-18,Biogenic CO2 memo — outside GHG Protocol scope totals. Pair with non-CO2 row fuels.uk.bio.development_diesel.litre (shipping in v2025.12b) for full bio-fuel accounting.,2026-06-18,False,False,True,True,False,False,False,
fuels.gbr.bio.biogenic.development_petrol.gj,UK Development petrol — biogenic CO2 memo (GJ),70.21,kg CO2 per GJ,CO2,,outside_scopes,biogenic_co2_memo,DEFRA_2026,'Outside of scopes'!D56,2026-06-18,Biogenic CO2 memo — outside GHG Protocol scope totals. Pair with non-CO2 row fuels.uk.bio.development_petrol.gj (shipping in v2025.12b) for full bio-fuel accounting.,2026-06-18,False,False,True,True,False,False,False,
fuels.gbr.bio.biogenic.development_petrol.kg,UK Development petrol — biogenic CO2 memo (kg),3.13,kg CO2 per kg,CO2,,outside_scopes,biogenic_co2_memo,DEFRA_2026,'Outside of scopes'!D57,2026-06-18,Biogenic CO2 memo — outside GHG Protocol scope totals. Pair with non-CO2 row fuels.uk.bio.development_petrol.kg (shipping in v2025.12b) for full bio-fuel accounting.,2026-06-18,False,False,True,True,False,False,False,
fuels.gbr.bio.biogenic.development_petrol.litre,UK Development petrol — biogenic CO2 memo (litres),2.33,kg CO2 per litre,CO2,,outside_scopes,biogenic_co2_memo,DEFRA_2026,'Outside of scopes'!D55,2026-06-18,Biogenic CO2 memo — outside GHG Protocol scope totals. Pair with non-CO2 row fuels.uk.bio.development_petrol.litre (shipping in v2025.12b) for full bio-fuel accounting.,2026-06-18,False,False,True,True,False,False,False,
fuels.gbr.bio.biogenic.methanol_bio.gj,UK Methanol (bio) — biogenic CO2 memo (GJ),68.92,kg CO2 per GJ,CO2,,outside_scopes,biogenic_co2_memo,DEFRA_2026,'Outside of scopes'!D65,2026-06-18,Biogenic CO2 memo — outside GHG Protocol scope totals. Pair with non-CO2 row fuels.uk.bio.methanol_bio.gj (shipping in v2025.12b) for full bio-fuel accounting.,2026-06-18,False,False,True,True,False,False,False,
fuels.gbr.bio.biogenic.methanol_bio.kg,UK Methanol (bio) — biogenic CO2 memo (kg),1.37,kg CO2 per kg,CO2,,outside_scopes,biogenic_co2_memo,DEFRA_2026,'Outside of scopes'!D66,2026-06-18,Biogenic CO2 memo — outside GHG Protocol scope totals. Pair with non-CO2 row fuels.uk.bio.methanol_bio.kg (shipping in v2025.12b) for full bio-fuel accounting.,2026-06-18,False,False,True,True,False,False,True,log-z=-4.68
fuels.gbr.bio.biogenic.methanol_bio.litre,UK Methanol (bio) — biogenic CO2 memo (litres),1.09,kg CO2 per litre,CO2,,outside_scopes,biogenic_co2_memo,DEFRA_2026,'Outside of scopes'!D64,2026-06-18,Biogenic CO2 memo — outside GHG Protocol scope totals. Pair with non-CO2 row fuels.uk.bio.methanol_bio.litre (shipping in v2025.12b) for full bio-fuel accounting.,2026-06-18,False,False,True,True,False,False,True,log-z=-10.81
fuels.gbr.bio.biogenic.off_road_biodiesel.gj,UK Off road biodiesel — biogenic CO2 memo (GJ),72.16,kg CO2 per GJ,CO2,,outside_scopes,biogenic_co2_memo,DEFRA_2026,'Outside of scopes'!D59,2026-06-18,Biogenic CO2 memo — outside GHG Protocol scope totals. Pair with non-CO2 row fuels.uk.bio.off_road_biodiesel.gj (shipping in v2025.12b) for full bio-fuel accounting.,2026-06-18,False,False,True,True,False,False,False,
fuels.gbr.bio.biogenic.off_road_biodiesel.kg,UK Off road biodiesel — biogenic CO2 memo (kg),2.68,kg CO2 per kg,CO2,,outside_scopes,biogenic_co2_memo,DEFRA_2026,'Outside of scopes'!D60,2026-06-18,Biogenic CO2 memo — outside GHG Protocol scope totals. Pair with non-CO2 row fuels.uk.bio.off_road_biodiesel.kg (shipping in v2025.12b) for full bio-fuel accounting.,2026-06-18,False,False,True,True,False,False,False,
fuels.gbr.bio.biogenic.off_road_biodiesel.litre,UK Off road biodiesel — biogenic CO2 memo (litres),2.39,kg CO2 per litre,CO2,,outside_scopes,biogenic_co2_memo,DEFRA_2026,'Outside of scopes'!D58,2026-06-18,Biogenic CO2 memo — outside GHG Protocol scope totals. Pair with non-CO2 row fuels.uk.bio.off_road_biodiesel.litre (shipping in v2025.12b) for full bio-fuel accounting.,2026-06-18,False,False,True,True,False,False,False,
fuels.gbr.bio.biomethane_compressed.gj,UK Biomethane (compressed) — combustion non-CO2 (GJ),0.10625,kg CO2e per GJ,CO2e,AR5_100,scope1,stationary_combustion,DEFRA_2026,'Bioenergy'!D27,2026-06-18,Non-CO2 component only (CH4 + N2O at AR5). DEFRA Bioenergy sheet does not publish per-gas decomposition; AR6 alternate unavailable. Biogenic CO2 for this fuel shipped in v2025.12a (paired key fuels.uk.bio.biogenic.biomethane_compressed.gj).,2026-06-18,False,False,False,False,False,False,False,
fuels.gbr.bio.biomethane_compressed.kg,UK Biomethane (compressed) — combustion non-CO2 (kg),0.00521,kg CO2e per kg,CO2e,AR5_100,scope1,stationary_combustion,DEFRA_2026,'Bioenergy'!D28,2026-06-18,Non-CO2 component only (CH4 + N2O at AR5). DEFRA Bioenergy sheet does not publish per-gas decomposition; AR6 alternate unavailable. Biogenic CO2 for this fuel shipped in v2025.12a (paired key fuels.uk.bio.biogenic.biomethane_compressed.kg).,2026-06-18,False,False,False,False,False,False,False,
fuels.gbr.bio.biomethane_liquified.gj,UK Biomethane (liquified) — combustion non-CO2 (GJ),0.10625,kg CO2e per GJ,CO2e,AR5_100,scope1,stationary_combustion,DEFRA_2026,'Bioenergy'!D51,2026-06-18,Non-CO2 component only (CH4 + N2O at AR5). DEFRA Bioenergy sheet does not publish per-gas decomposition; AR6 alternate unavailable. Biogenic CO2 for this fuel shipped in v2025.12a (paired key fuels.uk.bio.biogenic.biomethane_liquified.gj).,2026-06-18,False,False,False,False,False,False,False,
fuels.gbr.bio.biomethane_liquified.kg,UK Biomethane (liquified) — combustion non-CO2 (kg),0.00521,kg CO2e per kg,CO2e,AR5_100,scope1,stationary_combustion,DEFRA_2026,'Bioenergy'!D52,2026-06-18,Non-CO2 component only (CH4 + N2O at AR5). DEFRA Bioenergy sheet does not publish per-gas decomposition; AR6 alternate unavailable. Biogenic CO2 for this fuel shipped in v2025.12a (paired key fuels.uk.bio.biogenic.biomethane_liquified.kg).,2026-06-18,False,False,False,False,False,False,False,
fuels.gbr.bio.biopropane.gj,UK Biopropane — combustion non-CO2 (GJ),0.08952,kg CO2e per GJ,CO2e,AR5_100,scope1,stationary_combustion,DEFRA_2026,'Bioenergy'!D39,2026-06-18,Non-CO2 component only (CH4 + N2O at AR5). DEFRA Bioenergy sheet does not publish per-gas decomposition; AR6 alternate unavailable. Biogenic CO2 for this fuel shipped in v2025.12a (paired key fuels.uk.bio.biogenic.biopropane.gj).,2026-06-18,False,False,False,False,False,False,False,
fuels.gbr.bio.biopropane.kg,UK Biopropane — combustion non-CO2 (kg),0.00415,kg CO2e per kg,CO2e,AR5_100,scope1,stationary_combustion,DEFRA_2026,'Bioenergy'!D40,2026-06-18,Non-CO2 component only (CH4 + N2O at AR5). DEFRA Bioenergy sheet does not publish per-gas decomposition; AR6 alternate unavailable. Biogenic CO2 for this fuel shipped in v2025.12a (paired key fuels.uk.bio.biogenic.biopropane.kg).,2026-06-18,False,False,False,False,False,False,False,
fuels.gbr.bio.biopropane.litre,UK Biopropane — combustion non-CO2 (litres),0.00214,kg CO2e per litre,CO2e,AR5_100,scope1,stationary_combustion,DEFRA_2026,'Bioenergy'!D38,2026-06-18,Non-CO2 component only (CH4 + N2O at AR5). DEFRA Bioenergy sheet does not publish per-gas decomposition; AR6 alternate unavailable. Biogenic CO2 for this fuel shipped in v2025.12a (paired key fuels.uk.bio.biogenic.biopropane.litre).,2026-06-18,False,False,False,False,False,False,True,log-z=-9.78
fuels.gbr.bio.development_diesel.gj,UK Development diesel — combustion non-CO2 (GJ),1.03677,kg CO2e per GJ,CO2e,AR5_100,scope1,stationary_combustion,DEFRA_2026,'Bioenergy'!D42,2026-06-18,Non-CO2 component only (CH4 + N2O at AR5). DEFRA Bioenergy sheet does not publish per-gas decomposition; AR6 alternate unavailable. Biogenic CO2 for this fuel shipped in v2025.12a (paired key fuels.uk.bio.biogenic.development_diesel.gj).,2026-06-18,False,False,False,False,False,False,False,
fuels.gbr.bio.development_diesel.kg,UK Development diesel — combustion non-CO2 (kg),0.04461,kg CO2e per kg,CO2e,AR5_100,scope1,stationary_combustion,DEFRA_2026,'Bioenergy'!D43,2026-06-18,Non-CO2 component only (CH4 + N2O at AR5). DEFRA Bioenergy sheet does not publish per-gas decomposition; AR6 alternate unavailable. Biogenic CO2 for this fuel shipped in v2025.12a (paired key fuels.uk.bio.biogenic.development_diesel.kg).,2026-06-18,False,False,False,False,False,False,False,
fuels.gbr.bio.development_diesel.litre,UK Development diesel — combustion non-CO2 (litres),0.03705,kg CO2e per litre,CO2e,AR5_100,scope1,stationary_combustion,DEFRA_2026,'Bioenergy'!D41,2026-06-18,Non-CO2 component only (CH4 + N2O at AR5). DEFRA Bioenergy sheet does not publish per-gas decomposition; AR6 alternate unavailable. Biogenic CO2 for this fuel shipped in v2025.12a (paired key fuels.uk.bio.biogenic.development_diesel.litre).,2026-06-18,False,False,False,False,False,False,True,log-z=-5.62
fuels.gbr.bio.development_petrol.gj,UK Development petrol — combustion non-CO2 (GJ),0.42339,kg CO2e per GJ,CO2e,AR5_100,scope1,stationary_combustion,DEFRA_2026,'Bioenergy'!D45,2026-06-18,Non-CO2 component only (CH4 + N2O at AR5). DEFRA Bioenergy sheet does not publish per-gas decomposition; AR6 alternate unavailable. Biogenic CO2 for this fuel shipped in v2025.12a (paired key fuels.uk.bio.biogenic.development_petrol.gj).,2026-06-18,False,False,False,False,False,False,False,
fuels.gbr.bio.development_petrol.kg,UK Development petrol — combustion non-CO2 (kg),0.01888,kg CO2e per kg,CO2e,AR5_100,scope1,stationary_combustion,DEFRA_2026,'Bioenergy'!D46,2026-06-18,Non-CO2 component only (CH4 + N2O at AR5). DEFRA Bioenergy sheet does not publish per-gas decomposition; AR6 alternate unavailable. Biogenic CO2 for this fuel shipped in v2025.12a (paired key fuels.uk.bio.biogenic.development_petrol.kg).,2026-06-18,False,False,False,False,False,False,False,
fuels.gbr.bio.development_petrol.litre,UK Development petrol — combustion non-CO2 (litres),0.01409,kg CO2e per litre,CO2e,AR5_100,scope1,stationary_combustion,DEFRA_2026,'Bioenergy'!D44,2026-06-18,Non-CO2 component only (CH4 + N2O at AR5). DEFRA Bioenergy sheet does not publish per-gas decomposition; AR6 alternate unavailable. Biogenic CO2 for this fuel shipped in v2025.12a (paired key fuels.uk.bio.biogenic.development_petrol.litre).,2026-06-18,False,False,False,False,False,False,True,log-z=-7.03
fuels.gbr.bio.grass_straw.kwh,UK Grass/straw — combustion non-CO2 (kWh),0.0126,kg CO2e per kWh,CO2e,AR5_100,scope1,stationary_combustion,DEFRA_2026,'Bioenergy'!D70,2026-06-18,Non-CO2 component only (CH4 + N2O at AR5). DEFRA Bioenergy sheet does not publish per-gas decomposition; AR6 alternate unavailable. Biogenic CO2 for this fuel shipped in v2025.12a (paired key fuels.uk.bio.biogenic.grass_straw.kwh).,2026-06-18,False,False,False,False,False,False,True,log-z=-18.99; outside 3.0x IQR of unit group
fuels.gbr.bio.grass_straw.tonne,UK Grass/straw — combustion non-CO2 (tonnes),46.89059,kg CO2e per tonne,CO2e,AR5_100,scope1,stationary_combustion,DEFRA_2026,'Bioenergy'!D69,2026-06-18,Non-CO2 component only (CH4 + N2O at AR5). DEFRA Bioenergy sheet does not publish per-gas decomposition; AR6 alternate unavailable. Biogenic CO2 for this fuel shipped in v2025.12a (paired key fuels.uk.bio.biogenic.grass_straw.tonne).,2026-06-18,False,False,False,False,False,False,True,log-z=-37.74; outside 3.0x IQR of unit group
fuels.gbr.bio.landfill_gas.kwh,UK Landfill gas — combustion non-CO2 (kWh),0.0002,kg CO2e per kWh,CO2e,AR5_100,scope1,stationary_combustion,DEFRA_2026,'Bioenergy'!D78,2026-06-18,Non-CO2 component only (CH4 + N2O at AR5). DEFRA Bioenergy sheet does not publish per-gas decomposition; AR6 alternate unavailable. Biogenic CO2 for this fuel shipped in v2025.12a (paired key fuels.uk.bio.biogenic.landfill_gas.kwh).,2026-06-18,False,False,False,False,False,False,True,log-z=-45.13; outside 3.0x IQR of unit group
fuels.gbr.bio.landfill_gas.tonne,UK Landfill gas — combustion non-CO2 (tonnes),0.6977,kg CO2e per tonne,CO2e,AR5_100,scope1,stationary_combustion,DEFRA_2026,'Bioenergy'!D77,2026-06-18,Non-CO2 component only (CH4 + N2O at AR5). DEFRA Bioenergy sheet does not publish per-gas decomposition; AR6 alternate unavailable. Biogenic CO2 for this fuel shipped in v2025.12a (paired key fuels.uk.bio.biogenic.landfill_gas.tonne).,2026-06-18,False,False,False,False,False,False,True,log-z=-75.93; outside 3.0x IQR of unit group
fuels.gbr.bio.methanol_bio.gj,UK Methanol (bio) — combustion non-CO2 (GJ),0.42339,kg CO2e per GJ,CO2e,AR5_100,scope1,stationary_combustion,DEFRA_2026,'Bioenergy'!D54,2026-06-18,Non-CO2 component only (CH4 + N2O at AR5). DEFRA Bioenergy sheet does not publish per-gas decomposition; AR6 alternate unavailable. Biogenic CO2 for this fuel shipped in v2025.12a (paired key fuels.uk.bio.biogenic.methanol_bio.gj).,2026-06-18,False,False,False,False,False,False,False,
fuels.gbr.bio.methanol_bio.kg,UK Methanol (bio) — combustion non-CO2 (kg),0.00844,kg CO2e per kg,CO2e,AR5_100,scope1,stationary_combustion,DEFRA_2026,'Bioenergy'!D55,2026-06-18,Non-CO2 component only (CH4 + N2O at AR5). DEFRA Bioenergy sheet does not publish per-gas decomposition; AR6 alternate unavailable. Biogenic CO2 for this fuel shipped in v2025.12a (paired key fuels.uk.bio.biogenic.methanol_bio.kg).,2026-06-18,False,False,False,False,False,False,False,
fuels.gbr.bio.methanol_bio.litre,UK Methanol (bio) — combustion non-CO2 (litres),0.00669,kg CO2e per litre,CO2e,AR5_100,scope1,stationary_combustion,DEFRA_2026,'Bioenergy'!D53,2026-06-18,Non-CO2 component only (CH4 + N2O at AR5). DEFRA Bioenergy sheet does not publish per-gas decomposition; AR6 alternate unavailable. Biogenic CO2 for this fuel shipped in v2025.12a (paired key fuels.uk.bio.biogenic.methanol_bio.litre).,2026-06-18,False,False,False,False,False,False,True,log-z=-8.12
fuels.gbr.bio.off_road_biodiesel.gj,UK Off road biodiesel — combustion non-CO2 (GJ),5.05961,kg CO2e per GJ,CO2e,AR5_100,scope1,stationary_combustion,DEFRA_2026,'Bioenergy'!D48,2026-06-18,Non-CO2 component only (CH4 + N2O at AR5). DEFRA Bioenergy sheet does not publish per-gas decomposition; AR6 alternate unavailable. Biogenic CO2 for this fuel shipped in v2025.12a (paired key fuels.uk.bio.biogenic.off_road_biodiesel.gj).,2026-06-18,False,False,False,False,False,False,False,
fuels.gbr.bio.off_road_biodiesel.kg,UK Off road biodiesel — combustion non-CO2 (kg),0.18822,kg CO2e per kg,CO2e,AR5_100,scope1,stationary_combustion,DEFRA_2026,'Bioenergy'!D49,2026-06-18,Non-CO2 component only (CH4 + N2O at AR5). DEFRA Bioenergy sheet does not publish per-gas decomposition; AR6 alternate unavailable. Biogenic CO2 for this fuel shipped in v2025.12a (paired key fuels.uk.bio.biogenic.off_road_biodiesel.kg).,2026-06-18,False,False,False,False,False,False,False,
fuels.gbr.bio.off_road_biodiesel.litre,UK Off road biodiesel — combustion non-CO2 (litres),0.16751,kg CO2e per litre,CO2e,AR5_100,scope1,stationary_combustion,DEFRA_2026,'Bioenergy'!D47,2026-06-18,Non-CO2 component only (CH4 + N2O at AR5). DEFRA Bioenergy sheet does not publish per-gas decomposition; AR6 alternate unavailable. Biogenic CO2 for this fuel shipped in v2025.12a (paired key fuels.uk.bio.biogenic.off_road_biodiesel.litre).,2026-06-18,False,False,False,False,False,False,False,
fuels.gbr.bio.wood_chips.kwh,UK Wood chips — combustion non-CO2 (kWh),0.01193,kg CO2e per kWh,CO2e,AR5_100,scope1,stationary_combustion,DEFRA_2026,'Bioenergy'!D66,2026-06-18,Non-CO2 component only (CH4 + N2O at AR5). DEFRA Bioenergy sheet does not publish per-gas decomposition; AR6 alternate unavailable. Biogenic CO2 for this fuel shipped in v2025.12a (paired key fuels.uk.bio.biogenic.wood_chips.kwh).,2026-06-18,False,False,False,False,False,False,True,log-z=-19.33; outside 3.0x IQR of unit group
fuels.gbr.bio.wood_chips.tonne,UK Wood chips — combustion non-CO2 (tonnes),45.05983,kg CO2e per tonne,CO2e,AR5_100,scope1,stationary_combustion,DEFRA_2026,'Bioenergy'!D65,2026-06-18,Non-CO2 component only (CH4 + N2O at AR5). DEFRA Bioenergy sheet does not publish per-gas decomposition; AR6 alternate unavailable. Biogenic CO2 for this fuel shipped in v2025.12a (paired key fuels.uk.bio.biogenic.wood_chips.tonne).,2026-06-18,False,False,False,False,False,False,True,log-z=-38.10; outside 3.0x IQR of unit group
fuels.gbr.bio.wood_logs.kwh,UK Wood logs — combustion non-CO2 (kWh),0.01193,kg CO2e per kWh,CO2e,AR5_100,scope1,stationary_combustion,DEFRA_2026,'Bioenergy'!D64,2026-06-18,Non-CO2 component only (CH4 + N2O at AR5). DEFRA Bioenergy sheet does not publish per-gas decomposition; AR6 alternate unavailable. Biogenic CO2 for this fuel shipped in v2025.12a (paired key fuels.uk.bio.biogenic.wood_logs.kwh).,2026-06-18,False,False,False,False,False,False,True,log-z=-19.33; outside 3.0x IQR of unit group
fuels.gbr.bio.wood_logs.tonne,UK Wood logs — combustion non-CO2 (tonnes),48.73751,kg CO2e per tonne,CO2e,AR5_100,scope1,stationary_combustion,DEFRA_2026,'Bioenergy'!D63,2026-06-18,Non-CO2 component only (CH4 + N2O at AR5). DEFRA Bioenergy sheet does not publish per-gas decomposition; AR6 alternate unavailable. Biogenic CO2 for this fuel shipped in v2025.12a (paired key fuels.uk.bio.biogenic.wood_logs.tonne).,2026-06-18,False,False,False,False,False,False,True,log-z=-37.39; outside 3.0x IQR of unit group
fuels.gbr.bio.wood_pellets.kwh,UK Wood pellets — combustion non-CO2 (kWh),0.01193,kg CO2e per kWh,CO2e,AR5_100,scope1,stationary_combustion,DEFRA_2026,'Bioenergy'!D68,2026-06-18,Non-CO2 component only (CH4 + N2O at AR5). DEFRA Bioenergy sheet does not publish per-gas decomposition; AR6 alternate unavailable. Biogenic CO2 for this fuel shipped in v2025.12a (paired key fuels.uk.bio.biogenic.wood_pellets.kwh).,2026-06-18,False,False,False,False,False,False,True,log-z=-19.33; outside 3.0x IQR of unit group
fuels.gbr.bio.wood_pellets.tonne,UK Wood pellets — combustion non-CO2 (tonnes),57.25249,kg CO2e per tonne,CO2e,AR5_100,scope1,stationary_combustion,DEFRA_2026,'Bioenergy'!D67,2026-06-18,Non-CO2 component only (CH4 + N2O at AR5). DEFRA Bioenergy sheet does not publish per-gas decomposition; AR6 alternate unavailable. Biogenic CO2 for this fuel shipped in v2025.12a (paired key fuels.uk.bio.biogenic.wood_pellets.tonne).,2026-06-18,False,False,False,False,False,False,True,log-z=-35.92; outside 3.0x IQR of unit group
fuels.gbr.biogas.biogenic.biogas.kwh,UK Biogas — biogenic CO2 memo (kWh),0.19902,kg CO2 per kWh,CO2,,outside_scopes,biogenic_co2_memo,DEFRA_2026,'Outside of scopes'!D87,2026-06-18,Biogenic CO2 memo — outside GHG Protocol scope totals. Pair with non-CO2 row fuels.uk.bio.biogas.kwh (shipping in v2025.12b).,2026-06-18,False,False,True,True,False,False,False,
fuels.gbr.biogas.biogenic.biogas.tonne,UK Biogas — biogenic CO2 memo (tonnes),1105.6695,kg CO2 per tonne,CO2,,outside_scopes,biogenic_co2_memo,DEFRA_2026,'Outside of scopes'!D86,2026-06-18,Biogenic CO2 memo — outside GHG Protocol scope totals. Pair with non-CO2 row fuels.uk.bio.biogas.tonne (shipping in v2025.12b).,2026-06-18,False,False,True,True,False,False,False,
fuels.gbr.biogas.biogenic.landfill_gas.kwh,UK Landfill gas — biogenic CO2 memo (kWh),0.19902,kg CO2 per kWh,CO2,,outside_scopes,biogenic_co2_memo,DEFRA_2026,'Outside of scopes'!D89,2026-06-18,Biogenic CO2 memo — outside GHG Protocol scope totals. Pair with non-CO2 row fuels.uk.bio.landfill_gas.kwh (shipping in v2025.12b).,2026-06-18,False,False,True,True,False,False,False,
fuels.gbr.biogas.biogenic.landfill_gas.tonne,UK Landfill gas — biogenic CO2 memo (tonnes),679.98674,kg CO2 per tonne,CO2,,outside_scopes,biogenic_co2_memo,DEFRA_2026,'Outside of scopes'!D88,2026-06-18,Biogenic CO2 memo — outside GHG Protocol scope totals. Pair with non-CO2 row fuels.uk.bio.landfill_gas.tonne (shipping in v2025.12b).,2026-06-18,False,False,True,True,False,False,False,
fuels.gbr.biomass.biogenic.grass_straw.kwh,UK Grass/straw — biogenic CO2 memo (kWh),0.35,kg CO2 per kWh,CO2,,outside_scopes,biogenic_co2_memo,DEFRA_2026,'Outside of scopes'!D81,2026-06-18,Biogenic CO2 memo — outside GHG Protocol scope totals. Pair with non-CO2 row fuels.uk.bio.grass_straw.kwh (shipping in v2025.12b).,2026-06-18,False,False,True,True,False,False,False,
fuels.gbr.biomass.biogenic.grass_straw.tonne,UK Grass/straw — biogenic CO2 memo (tonnes),1287.25,kg CO2 per tonne,CO2,,outside_scopes,biogenic_co2_memo,DEFRA_2026,'Outside of scopes'!D80,2026-06-18,Biogenic CO2 memo — outside GHG Protocol scope totals. Pair with non-CO2 row fuels.uk.bio.grass_straw.tonne (shipping in v2025.12b).,2026-06-18,False,False,True,True,False,False,False,
fuels.gbr.biomass.biogenic.wood_chips.kwh,UK Wood chips — biogenic CO2 memo (kWh),0.35,kg CO2 per kWh,CO2,,outside_scopes,biogenic_co2_memo,DEFRA_2026,'Outside of scopes'!D77,2026-06-18,Biogenic CO2 memo — outside GHG Protocol scope totals. Pair with non-CO2 row fuels.uk.bio.wood_chips.kwh (shipping in v2025.12b).,2026-06-18,False,False,True,True,False,False,False,
fuels.gbr.biomass.biogenic.wood_chips.tonne,UK Wood chips — biogenic CO2 memo (tonnes),1335.71,kg CO2 per tonne,CO2,,outside_scopes,biogenic_co2_memo,DEFRA_2026,'Outside of scopes'!D76,2026-06-18,Biogenic CO2 memo — outside GHG Protocol scope totals. Pair with non-CO2 row fuels.uk.bio.wood_chips.tonne (shipping in v2025.12b).,2026-06-18,False,False,True,True,False,False,False,
fuels.gbr.biomass.biogenic.wood_logs.kwh,UK Wood logs — biogenic CO2 memo (kWh),0.35,kg CO2 per kWh,CO2,,outside_scopes,biogenic_co2_memo,DEFRA_2026,'Outside of scopes'!D75,2026-06-18,Biogenic CO2 memo — outside GHG Protocol scope totals. Pair with non-CO2 row fuels.uk.bio.wood_logs.kwh (shipping in v2025.12b).,2026-06-18,False,False,True,True,False,False,False,
fuels.gbr.biomass.biogenic.wood_logs.tonne,UK Wood logs — biogenic CO2 memo (tonnes),1436.23,kg CO2 per tonne,CO2,,outside_scopes,biogenic_co2_memo,DEFRA_2026,'Outside of scopes'!D74,2026-06-18,Biogenic CO2 memo — outside GHG Protocol scope totals. Pair with non-CO2 row fuels.uk.bio.wood_logs.tonne (shipping in v2025.12b).,2026-06-18,False,False,True,True,False,False,False,
fuels.gbr.biomass.biogenic.wood_pellets.kwh,UK Wood pellets — biogenic CO2 memo (kWh),0.35,kg CO2 per kWh,CO2,,outside_scopes,biogenic_co2_memo,DEFRA_2026,'Outside of scopes'!D79,2026-06-18,Biogenic CO2 memo — outside GHG Protocol scope totals. Pair with non-CO2 row fuels.uk.bio.wood_pellets.kwh (shipping in v2025.12b).,2026-06-18,False,False,True,True,False,False,False,
fuels.gbr.biomass.biogenic.wood_pellets.tonne,UK Wood pellets — biogenic CO2 memo (tonnes),1677.18,kg CO2 per tonne,CO2,,outside_scopes,biogenic_co2_memo,DEFRA_2026,'Outside of scopes'!D78,2026-06-18,Biogenic CO2 memo — outside GHG Protocol scope totals. Pair with non-CO2 row fuels.uk.bio.wood_pellets.tonne (shipping in v2025.12b).,2026-06-18,False,False,True,True,False,False,False,
fuels.gbr.burning_oil.kwh_gcv,UK Burning oil — combustion (kWh (Gross CV)),0.24677,kg CO2e per kWh,CO2e,AR5_100,scope1,stationary_combustion,DEFRA_2026,'Fuels'!D70,2026-06-18,,2026-06-18,False,False,False,False,False,True,False,
fuels.gbr.burning_oil.kwh_ncv,UK Burning oil — combustion (kWh (Net CV)),0.25975,kg CO2e per kWh,CO2e,AR5_100,scope1,stationary_combustion,DEFRA_2026,'Fuels'!D69,2026-06-18,,2026-06-18,False,False,False,False,False,True,False,
fuels.gbr.burning_oil.litre,UK Burning oil — combustion (litres),2.54016,kg CO2e per litre,CO2e,AR5_100,scope1,stationary_combustion,DEFRA_2026,'Fuels'!D68,2026-06-18,,2026-06-18,False,False,False,False,False,True,False,
fuels.gbr.burning_oil.tonne,UK Burning oil — combustion (tonnes),3165.04181,kg CO2e per tonne,CO2e,AR5_100,scope1,stationary_combustion,DEFRA_2026,'Fuels'!D67,2026-06-18,,2026-06-18,False,False,False,False,False,True,False,
fuels.gbr.butane.kwh_gcv,UK Butane — combustion (kWh (Gross CV)),0.22241,kg CO2e per kWh,CO2e,AR5_100,scope1,stationary_combustion,DEFRA_2026,'Fuels'!D26,2026-06-18,,2026-06-18,False,False,False,False,False,True,False,
fuels.gbr.butane.kwh_ncv,UK Butane — combustion (kWh (Net CV)),0.24107,kg CO2e per kWh,CO2e,AR5_100,scope1,stationary_combustion,DEFRA_2026,'Fuels'!D25,2026-06-18,,2026-06-18,False,False,False,False,False,True,False,
fuels.gbr.butane.litre,UK Butane — combustion (litres),1.74533,kg CO2e per litre,CO2e,AR5_100,scope1,stationary_combustion,DEFRA_2026,'Fuels'!D24,2026-06-18,,2026-06-18,False,False,False,False,False,True,False,
fuels.gbr.butane.tonne,UK Butane — combustion (tonnes),3033.38067,kg CO2e per tonne,CO2e,AR5_100,scope1,stationary_combustion,DEFRA_2026,'Fuels'!D23,2026-06-18,,2026-06-18,False,False,False,False,False,True,False,
fuels.gbr.cng.kwh_gcv,UK CNG — combustion (kWh (Gross CV)),0.18231,kg CO2e per kWh,CO2e,AR5_100,scope1,stationary_combustion,DEFRA_2026,'Fuels'!D30,2026-06-18,,2026-06-18,False,False,False,False,False,True,False,
fuels.gbr.cng.kwh_ncv,UK CNG — combustion (kWh (Net CV)),0.20199,kg CO2e per kWh,CO2e,AR5_100,scope1,stationary_combustion,DEFRA_2026,'Fuels'!D29,2026-06-18,,2026-06-18,False,False,False,False,False,True,False,
fuels.gbr.cng.litre,UK CNG — combustion (litres),0.43885,kg CO2e per litre,CO2e,AR5_100,scope1,stationary_combustion,DEFRA_2026,'Fuels'!D28,2026-06-18,,2026-06-18,False,False,False,False,False,True,False,
fuels.gbr.cng.tonne,UK CNG — combustion (tonnes),2507.72441,kg CO2e per tonne,CO2e,AR5_100,scope1,stationary_combustion,DEFRA_2026,'Fuels'!D27,2026-06-18,,2026-06-18,False,False,False,False,False,True,False,
fuels.gbr.coal_domestic.kwh_gcv,UK Coal (domestic) — combustion (kWh (Gross CV)),0.34721,kg CO2e per kWh,CO2e,AR5_100,scope1,stationary_combustion,DEFRA_2026,'Fuels'!D139,2026-06-18,,2026-06-18,False,False,False,False,False,True,False,
fuels.gbr.coal_domestic.kwh_ncv,UK Coal (domestic) — combustion (kWh (Net CV)),0.36549,kg CO2e per kWh,CO2e,AR5_100,scope1,stationary_combustion,DEFRA_2026,'Fuels'!D138,2026-06-18,,2026-06-18,False,False,False,False,False,True,False,
fuels.gbr.coal_domestic.tonne,UK Coal (domestic) — combustion (tonnes),2904.95234,kg CO2e per tonne,CO2e,AR5_100,scope1,stationary_combustion,DEFRA_2026,'Fuels'!D137,2026-06-18,,2026-06-18,False,False,False,False,False,True,False,
fuels.gbr.coal_electricity_generation.kwh_gcv,UK Coal (electricity generation) — combustion (kWh (Gross CV)),0.32247,kg CO2e per kWh,CO2e,AR5_100,scope1,stationary_combustion,DEFRA_2026,'Fuels'!D136,2026-06-18,,2026-06-18,False,False,False,False,False,True,False,
fuels.gbr.coal_electricity_generation.kwh_ncv,UK Coal (electricity generation) — combustion (kWh (Net CV)),0.33944,kg CO2e per kWh,CO2e,AR5_100,scope1,stationary_combustion,DEFRA_2026,'Fuels'!D135,2026-06-18,,2026-06-18,False,False,False,False,False,True,False,
fuels.gbr.coal_electricity_generation.tonne,UK Coal (electricity generation) — combustion (tonnes),2230.22448,kg CO2e per tonne,CO2e,AR5_100,scope1,stationary_combustion,DEFRA_2026,'Fuels'!D134,2026-06-18,,2026-06-18,False,False,False,False,False,True,False,
fuels.gbr.coal_electricity_generation_home_produced_coal_only.kwh_gcv,UK Coal (electricity generation - home produced coal only) — combustion (kWh (Gross CV)),0.32247,kg CO2e per kWh,CO2e,AR5_100,scope1,stationary_combustion,DEFRA_2026,'Fuels'!D148,2026-06-18,,2026-06-18,False,False,False,False,False,True,False,
fuels.gbr.coal_electricity_generation_home_produced_coal_only.kwh_ncv,UK Coal (electricity generation - home produced coal only) — combustion (kWh (Net CV)),0.33944,kg CO2e per kWh,CO2e,AR5_100,scope1,stationary_combustion,DEFRA_2026,'Fuels'!D147,2026-06-18,,2026-06-18,False,False,False,False,False,True,False,
fuels.gbr.coal_electricity_generation_home_produced_coal_only.tonne,UK Coal (electricity generation - home produced coal only) — combustion (tonnes),2226.7367,kg CO2e per tonne,CO2e,AR5_100,scope1,stationary_combustion,DEFRA_2026,'Fuels'!D146,2026-06-18,,2026-06-18,False,False,False,False,False,True,False,
fuels.gbr.coal_industrial.kwh_gcv,UK Coal (industrial) — combustion (kWh (Gross CV)),0.32512,kg CO2e per kWh,CO2e,AR5_100,scope1,stationary_combustion,DEFRA_2026,'Fuels'!D133,2026-06-18,,2026-06-18,False,False,False,False,False,True,False,
fuels.gbr.coal_industrial.kwh_ncv,UK Coal (industrial) — combustion (kWh (Net CV)),0.34223,kg CO2e per kWh,CO2e,AR5_100,scope1,stationary_combustion,DEFRA_2026,'Fuels'!D132,2026-06-18,,2026-06-18,False,False,False,False,False,True,False,
fuels.gbr.coal_industrial.tonne,UK Coal (industrial) — combustion (tonnes),2415.03994,kg CO2e per tonne,CO2e,AR5_100,scope1,stationary_combustion,DEFRA_2026,'Fuels'!D131,2026-06-18,,2026-06-18,False,False,False,False,False,True,False,
fuels.gbr.coking_coal.kwh_gcv,UK Coking coal — combustion (kWh (Gross CV)),0.3579,kg CO2e per kWh,CO2e,AR5_100,scope1,stationary_combustion,DEFRA_2026,'Fuels'!D142,2026-06-18,,2026-06-18,False,False,False,False,False,True,False,
fuels.gbr.coking_coal.kwh_ncv,UK Coking coal — combustion (kWh (Net CV)),0.37675,kg CO2e per kWh,CO2e,AR5_100,scope1,stationary_combustion,DEFRA_2026,'Fuels'!D141,2026-06-18,,2026-06-18,False,False,False,False,False,True,False,
fuels.gbr.coking_coal.tonne,UK Coking coal — combustion (tonnes),3164.65002,kg CO2e per tonne,CO2e,AR5_100,scope1,stationary_combustion,DEFRA_2026,'Fuels'!D140,2026-06-18,,2026-06-18,False,False,False,False,False,True,False,
fuels.gbr.diesel_100_mineral_diesel.kwh_gcv,UK Diesel (100% mineral diesel) — combustion (kWh (Gross CV)),0.25197,kg CO2e per kWh,CO2e,AR5_100,scope1,stationary_combustion,DEFRA_2026,'Fuels'!D78,2026-06-18,,2026-06-18,False,False,False,False,False,True,False,
fuels.gbr.diesel_100_mineral_diesel.kwh_ncv,UK Diesel (100% mineral diesel) — combustion (kWh (Net CV)),0.26806,kg CO2e per kWh,CO2e,AR5_100,scope1,stationary_combustion,DEFRA_2026,'Fuels'!D77,2026-06-18,,2026-06-18,False,False,False,False,False,True,False,
fuels.gbr.diesel_100_mineral_diesel.litre,UK Diesel (100% mineral diesel) — combustion (litres),2.66155,kg CO2e per litre,CO2e,AR5_100,scope1,stationary_combustion,DEFRA_2026,'Fuels'!D76,2026-06-18,,2026-06-18,False,False,False,False,False,True,False,
fuels.gbr.diesel_100_mineral_diesel.tonne,UK Diesel (100% mineral diesel) — combustion (tonnes),3203.91143,kg CO2e per tonne,CO2e,AR5_100,scope1,stationary_combustion,DEFRA_2026,'Fuels'!D75,2026-06-18,,2026-06-18,False,False,False,False,False,True,False,
fuels.gbr.diesel_average_biofuel_blend.kwh_gcv,UK Diesel (average biofuel blend) — combustion (kWh (Gross CV)),0.2452,kg CO2e per kWh,CO2e,AR5_100,scope1,stationary_combustion,DEFRA_2026,'Fuels'!D74,2026-06-18,Biofuel blend — CH4 component dominated by fossil; trace biogenic CH4 not separately resolved by DEFRA.,2026-06-18,False,False,False,False,False,False,False,
fuels.gbr.diesel_average_biofuel_blend.kwh_ncv,UK Diesel (average biofuel blend) — combustion (kWh (Net CV)),0.26071,kg CO2e per kWh,CO2e,AR5_100,scope1,stationary_combustion,DEFRA_2026,'Fuels'!D73,2026-06-18,Biofuel blend — CH4 component dominated by fossil; trace biogenic CH4 not separately resolved by DEFRA.,2026-06-18,False,False,False,False,False,False,False,
fuels.gbr.diesel_average_biofuel_blend.litre,UK Diesel (average biofuel blend) — combustion (litres),2.58354,kg CO2e per litre,CO2e,AR5_100,scope1,stationary_combustion,DEFRA_2026,'Fuels'!D72,2026-06-18,Biofuel blend — CH4 component dominated by fossil; trace biogenic CH4 not separately resolved by DEFRA.,2026-06-18,False,False,False,False,False,False,False,
fuels.gbr.diesel_average_biofuel_blend.tonne,UK Diesel (average biofuel blend) — combustion (tonnes),3104.16462,kg CO2e per tonne,CO2e,AR5_100,scope1,stationary_combustion,DEFRA_2026,'Fuels'!D71,2026-06-18,Biofuel blend — CH4 component dominated by fossil; trace biogenic CH4 not separately resolved by DEFRA.,2026-06-18,False,False,False,False,False,False,False,
fuels.gbr.forecourt_biogenic.diesel_average_biofuel_blend.kwh,UK Diesel (average biofuel blend) — biogenic CO2 memo (kWh),0.01,kg CO2 per kWh,CO2,,outside_scopes,biogenic_co2_memo,DEFRA_2026,'Outside of scopes'!D23,2026-06-18,Biogenic CO2 memo — outside GHG Protocol scope totals. Pair with parent combustion row fuels.uk.diesel_average_biofuel_blend.kwh for full forecourt-blend accounting.,2026-06-18,False,False,True,True,False,False,True,log-z=-7.82
fuels.gbr.forecourt_biogenic.diesel_average_biofuel_blend.litre,UK Diesel (average biofuel blend) — biogenic CO2 memo (litres),0.14,kg CO2 per litre,CO2,,outside_scopes,biogenic_co2_memo,DEFRA_2026,'Outside of scopes'!D22,2026-06-18,Biogenic CO2 memo — outside GHG Protocol scope totals. Pair with parent combustion row fuels.uk.diesel_average_biofuel_blend.litre for full forecourt-blend accounting.,2026-06-18,False,False,True,True,False,False,True,log-z=-39.07
fuels.gbr.forecourt_biogenic.diesel_average_biofuel_blend.tonne,UK Diesel (average biofuel blend) — biogenic CO2 memo (tonnes),163.17,kg CO2 per tonne,CO2,,outside_scopes,biogenic_co2_memo,DEFRA_2026,'Outside of scopes'!D21,2026-06-18,Biogenic CO2 memo — outside GHG Protocol scope totals. Pair with parent combustion row fuels.uk.diesel_average_biofuel_blend.tonne for full forecourt-blend accounting.,2026-06-18,False,False,True,True,False,False,True,log-z=-5.10
fuels.gbr.forecourt_biogenic.petrol_average_biofuel_blend.kwh,UK Petrol (average biofuel blend) — biogenic CO2 memo (kWh),0.01,kg CO2 per kWh,CO2,,outside_scopes,biogenic_co2_memo,DEFRA_2026,'Outside of scopes'!D26,2026-06-18,Biogenic CO2 memo — outside GHG Protocol scope totals. Pair with parent combustion row fuels.uk.petrol_average_biofuel_blend.kwh for full forecourt-blend accounting.,2026-06-18,False,False,True,True,False,False,True,log-z=-7.82
fuels.gbr.forecourt_biogenic.petrol_average_biofuel_blend.litre,UK Petrol (average biofuel blend) — biogenic CO2 memo (litres),0.13,kg CO2 per litre,CO2,,outside_scopes,biogenic_co2_memo,DEFRA_2026,'Outside of scopes'!D25,2026-06-18,Biogenic CO2 memo — outside GHG Protocol scope totals. Pair with parent combustion row fuels.uk.petrol_average_biofuel_blend.litre for full forecourt-blend accounting.,2026-06-18,False,False,True,True,False,False,True,log-z=-40.09
fuels.gbr.forecourt_biogenic.petrol_average_biofuel_blend.tonne,UK Petrol (average biofuel blend) — biogenic CO2 memo (tonnes),177.88,kg CO2 per tonne,CO2,,outside_scopes,biogenic_co2_memo,DEFRA_2026,'Outside of scopes'!D24,2026-06-18,Biogenic CO2 memo — outside GHG Protocol scope totals. Pair with parent combustion row fuels.uk.petrol_average_biofuel_blend.tonne for full forecourt-blend accounting.,2026-06-18,False,False,True,True,False,False,True,log-z=-4.88
fuels.gbr.fuel_oil.kwh_gcv,UK Fuel oil — combustion (kWh (Gross CV)),0.26813,kg CO2e per kWh,CO2e,AR5_100,scope1,stationary_combustion,DEFRA_2026,'Fuels'!D82,2026-06-18,,2026-06-18,False,False,False,False,False,True,False,
fuels.gbr.fuel_oil.kwh_ncv,UK Fuel oil — combustion (kWh (Net CV)),0.28523,kg CO2e per kWh,CO2e,AR5_100,scope1,stationary_combustion,DEFRA_2026,'Fuels'!D81,2026-06-18,,2026-06-18,False,False,False,False,False,True,False,
fuels.gbr.fuel_oil.litre,UK Fuel oil — combustion (litres),3.17492,kg CO2e per litre,CO2e,AR5_100,scope1,stationary_combustion,DEFRA_2026,'Fuels'!D80,2026-06-18,,2026-06-18,False,False,False,False,False,True,False,
fuels.gbr.fuel_oil.tonne,UK Fuel oil — combustion (tonnes),3228.89019,kg CO2e per tonne,CO2e,AR5_100,scope1,stationary_combustion,DEFRA_2026,'Fuels'!D79,2026-06-18,,2026-06-18,False,False,False,False,False,True,False,
fuels.gbr.gas_oil.kwh_gcv,UK Gas oil — combustion (kWh (Gross CV)),0.2565,kg CO2e per kWh,CO2e,AR5_100,scope1,stationary_combustion,DEFRA_2026,'Fuels'!D86,2026-06-18,,2026-06-18,False,False,False,False,False,True,False,
fuels.gbr.gas_oil.kwh_ncv,UK Gas oil — combustion (kWh (Net CV)),0.27288,kg CO2e per kWh,CO2e,AR5_100,scope1,stationary_combustion,DEFRA_2026,'Fuels'!D85,2026-06-18,,2026-06-18,False,False,False,False,False,True,False,
fuels.gbr.gas_oil.litre,UK Gas oil — combustion (litres),2.75541,kg CO2e per litre,CO2e,AR5_100,scope1,stationary_combustion,DEFRA_2026,'Fuels'!D84,2026-06-18,,2026-06-18,False,False,False,False,False,True,False,
fuels.gbr.gas_oil.tonne,UK Gas oil — combustion (tonnes),3226.57859,kg CO2e per tonne,CO2e,AR5_100,scope1,stationary_combustion,DEFRA_2026,'Fuels'!D83,2026-06-18,,2026-06-18,False,False,False,False,False,True,False,
fuels.gbr.lng.kwh_gcv,UK LNG — combustion (kWh (Gross CV)),0.18442,kg CO2e per kWh,CO2e,AR5_100,scope1,stationary_combustion,DEFRA_2026,'Fuels'!D34,2026-06-18,,2026-06-18,False,False,False,False,False,True,False,
fuels.gbr.lng.kwh_ncv,UK LNG — combustion (kWh (Net CV)),0.20434,kg CO2e per kWh,CO2e,AR5_100,scope1,stationary_combustion,DEFRA_2026,'Fuels'!D33,2026-06-18,,2026-06-18,False,False,False,False,False,True,False,
fuels.gbr.lng.litre,UK LNG — combustion (litres),1.14791,kg CO2e per litre,CO2e,AR5_100,scope1,stationary_combustion,DEFRA_2026,'Fuels'!D32,2026-06-18,,2026-06-18,False,False,False,False,False,True,False,
fuels.gbr.lng.tonne,UK LNG — combustion (tonnes),2536.85441,kg CO2e per tonne,CO2e,AR5_100,scope1,stationary_combustion,DEFRA_2026,'Fuels'!D31,2026-06-18,,2026-06-18,False,False,False,False,False,True,False,
fuels.gbr.lpg.kwh_gcv,UK LPG — combustion (kWh (Gross CV)),0.2145,kg CO2e per kWh,CO2e,AR5_100,scope1,stationary_combustion,DEFRA_2026,'Fuels'!D38,2026-06-18,,2026-06-18,False,False,False,False,False,True,False,
fuels.gbr.lpg.kwh_ncv,UK LPG — combustion (kWh (Net CV)),0.23032,kg CO2e per kWh,CO2e,AR5_100,scope1,stationary_combustion,DEFRA_2026,'Fuels'!D37,2026-06-18,,2026-06-18,False,False,False,False,False,True,False,
fuels.gbr.lpg.litre,UK LPG — combustion (litres),1.55713,kg CO2e per litre,CO2e,AR5_100,scope1,stationary_combustion,DEFRA_2026,'Fuels'!D36,2026-06-18,,2026-06-18,False,False,False,False,False,True,False,
fuels.gbr.lpg.tonne,UK LPG — combustion (tonnes),2939.36095,kg CO2e per tonne,CO2e,AR5_100,scope1,stationary_combustion,DEFRA_2026,'Fuels'!D35,2026-06-18,,2026-06-18,False,False,False,False,False,True,False,
fuels.gbr.lubricants.kwh_gcv,UK Lubricants — combustion (kWh (Gross CV)),0.26414,kg CO2e per kWh,CO2e,AR5_100,scope1,stationary_combustion,DEFRA_2026,'Fuels'!D90,2026-06-18,,2026-06-18,False,False,False,False,False,True,False,
fuels.gbr.lubricants.kwh_ncv,UK Lubricants — combustion (kWh (Net CV)),0.281,kg CO2e per kWh,CO2e,AR5_100,scope1,stationary_combustion,DEFRA_2026,'Fuels'!D89,2026-06-18,,2026-06-18,False,False,False,False,False,True,False,
fuels.gbr.lubricants.litre,UK Lubricants — combustion (litres),2.74934,kg CO2e per litre,CO2e,AR5_100,scope1,stationary_combustion,DEFRA_2026,'Fuels'!D88,2026-06-18,,2026-06-18,False,False,False,False,False,True,False,
fuels.gbr.lubricants.tonne,UK Lubricants — combustion (tonnes),3180.99992,kg CO2e per tonne,CO2e,AR5_100,scope1,stationary_combustion,DEFRA_2026,'Fuels'!D87,2026-06-18,,2026-06-18,False,False,False,False,False,True,False,
fuels.gbr.marine_fuel_oil.kwh_gcv,UK Marine fuel oil — combustion (kWh (Gross CV)),0.26197,kg CO2e per kWh,CO2e,AR5_100,scope1,stationary_combustion,DEFRA_2026,'Fuels'!D126,2026-06-18,,2026-06-18,False,False,False,False,False,True,False,
fuels.gbr.marine_fuel_oil.kwh_ncv,UK Marine fuel oil — combustion (kWh (Net CV)),0.27869,kg CO2e per kWh,CO2e,AR5_100,scope1,stationary_combustion,DEFRA_2026,'Fuels'!D125,2026-06-18,,2026-06-18,False,False,False,False,False,True,False,
fuels.gbr.marine_fuel_oil.litre,UK Marine fuel oil — combustion (litres),3.10202,kg CO2e per litre,CO2e,AR5_100,scope1,stationary_combustion,DEFRA_2026,'Fuels'!D124,2026-06-18,,2026-06-18,False,False,False,False,False,True,False,
fuels.gbr.marine_fuel_oil.tonne,UK Marine fuel oil — combustion (tonnes),3154.75334,kg CO2e per tonne,CO2e,AR5_100,scope1,stationary_combustion,DEFRA_2026,'Fuels'!D123,2026-06-18,,2026-06-18,False,False,False,False,False,True,False,
fuels.gbr.marine_gas_oil.kwh_gcv,UK Marine gas oil — combustion (kWh (Gross CV)),0.25798,kg CO2e per kWh,CO2e,AR5_100,scope1,stationary_combustion,DEFRA_2026,'Fuels'!D122,2026-06-18,,2026-06-18,False,False,False,False,False,True,False,
fuels.gbr.marine_gas_oil.kwh_ncv,UK Marine gas oil — combustion (kWh (Net CV)),0.27445,kg CO2e per kWh,CO2e,AR5_100,scope1,stationary_combustion,DEFRA_2026,'Fuels'!D121,2026-06-18,,2026-06-18,False,False,False,False,False,True,False,
fuels.gbr.marine_gas_oil.litre,UK Marine gas oil — combustion (litres),2.77139,kg CO2e per litre,CO2e,AR5_100,scope1,stationary_combustion,DEFRA_2026,'Fuels'!D120,2026-06-18,,2026-06-18,False,False,False,False,False,True,False,
fuels.gbr.marine_gas_oil.tonne,UK Marine gas oil — combustion (tonnes),3245.30441,kg CO2e per tonne,CO2e,AR5_100,scope1,stationary_combustion,DEFRA_2026,'Fuels'!D119,2026-06-18,,2026-06-18,False,False,False,False,False,True,False,
fuels.gbr.naphtha.kwh_gcv,UK Naphtha — combustion (kWh (Gross CV)),0.23647,kg CO2e per kWh,CO2e,AR5_100,scope1,stationary_combustion,DEFRA_2026,'Fuels'!D94,2026-06-18,,2026-06-18,False,False,False,False,False,True,False,
fuels.gbr.naphtha.kwh_ncv,UK Naphtha — combustion (kWh (Net CV)),0.24891,kg CO2e per kWh,CO2e,AR5_100,scope1,stationary_combustion,DEFRA_2026,'Fuels'!D93,2026-06-18,,2026-06-18,False,False,False,False,False,True,False,
fuels.gbr.naphtha.litre,UK Naphtha — combustion (litres),2.11894,kg CO2e per litre,CO2e,AR5_100,scope1,stationary_combustion,DEFRA_2026,'Fuels'!D92,2026-06-18,,2026-06-18,False,False,False,False,False,True,False,
fuels.gbr.naphtha.tonne,UK Naphtha — combustion (tonnes),3142.3789,kg CO2e per tonne,CO2e,AR5_100,scope1,stationary_combustion,DEFRA_2026,'Fuels'!D91,2026-06-18,,2026-06-18,False,False,False,False,False,True,False,
fuels.gbr.natural_gas.kwh_gcv,UK Natural gas — combustion (kWh (Gross CV)),0.18231,kg CO2e per kWh,CO2e,AR5_100,scope1,stationary_combustion,DEFRA_2026,'Fuels'!D42,2026-06-18,,2026-06-18,False,False,False,False,False,True,False,
fuels.gbr.natural_gas.kwh_ncv,UK Natural gas — combustion (kWh (Net CV)),0.20199,kg CO2e per kWh,CO2e,AR5_100,scope1,stationary_combustion,DEFRA_2026,'Fuels'!D41,2026-06-18,,2026-06-18,False,False,False,False,False,True,False,
fuels.gbr.natural_gas.m3,UK Natural gas — combustion (cubic metres),2.02633,kg CO2e per m3,CO2e,AR5_100,scope1,stationary_combustion,DEFRA_2026,'Fuels'!D40,2026-06-18,,2026-06-18,False,False,False,False,False,True,False,
fuels.gbr.natural_gas.tonne,UK Natural gas — combustion (tonnes),2507.72441,kg CO2e per tonne,CO2e,AR5_100,scope1,stationary_combustion,DEFRA_2026,'Fuels'!D39,2026-06-18,,2026-06-18,False,False,False,False,False,True,False,
fuels.gbr.natural_gas_100_mineral_blend.kwh_gcv,UK Natural gas (100% mineral blend) — combustion (kWh (Gross CV)),0.18442,kg CO2e per kWh,CO2e,AR5_100,scope1,stationary_combustion,DEFRA_2026,'Fuels'!D46,2026-06-18,,2026-06-18,False,False,False,False,False,True,False,
fuels.gbr.natural_gas_100_mineral_blend.kwh_ncv,UK Natural gas (100% mineral blend) — combustion (kWh (Net CV)),0.20434,kg CO2e per kWh,CO2e,AR5_100,scope1,stationary_combustion,DEFRA_2026,'Fuels'!D45,2026-06-18,,2026-06-18,False,False,False,False,False,True,False,
fuels.gbr.natural_gas_100_mineral_blend.m3,UK Natural gas (100% mineral blend) — combustion (cubic metres),2.04987,kg CO2e per m3,CO2e,AR5_100,scope1,stationary_combustion,DEFRA_2026,'Fuels'!D44,2026-06-18,,2026-06-18,False,False,False,False,False,True,False,
fuels.gbr.natural_gas_100_mineral_blend.tonne,UK Natural gas (100% mineral blend) — combustion (tonnes),2536.85441,kg CO2e per tonne,CO2e,AR5_100,scope1,stationary_combustion,DEFRA_2026,'Fuels'!D43,2026-06-18,,2026-06-18,False,False,False,False,False,True,False,
fuels.gbr.other_petroleum_gas.kwh_gcv,UK Other petroleum gas — combustion (kWh (Gross CV)),0.18323,kg CO2e per kWh,CO2e,AR5_100,scope1,stationary_combustion,DEFRA_2026,'Fuels'!D50,2026-06-18,,2026-06-18,False,False,False,False,False,True,False,
fuels.gbr.other_petroleum_gas.kwh_ncv,UK Other petroleum gas — combustion (kWh (Net CV)),0.19917,kg CO2e per kWh,CO2e,AR5_100,scope1,stationary_combustion,DEFRA_2026,'Fuels'!D49,2026-06-18,,2026-06-18,False,False,False,False,False,True,False,
fuels.gbr.other_petroleum_gas.litre,UK Other petroleum gas — combustion (litres),0.94442,kg CO2e per litre,CO2e,AR5_100,scope1,stationary_combustion,DEFRA_2026,'Fuels'!D48,2026-06-18,,2026-06-18,False,False,False,False,False,True,False,
fuels.gbr.other_petroleum_gas.tonne,UK Other petroleum gas — combustion (tonnes),2578.24647,kg CO2e per tonne,CO2e,AR5_100,scope1,stationary_combustion,DEFRA_2026,'Fuels'!D47,2026-06-18,,2026-06-18,False,False,False,False,False,True,False,
fuels.gbr.petrol_100_mineral_petrol.kwh_gcv,UK Petrol (100% mineral petrol) — combustion (kWh (Gross CV)),0.24189,kg CO2e per kWh,CO2e,AR5_100,scope1,stationary_combustion,DEFRA_2026,'Fuels'!D102,2026-06-18,,2026-06-18,False,False,False,False,False,True,False,
fuels.gbr.petrol_100_mineral_petrol.kwh_ncv,UK Petrol (100% mineral petrol) — combustion (kWh (Net CV)),0.25464,kg CO2e per kWh,CO2e,AR5_100,scope1,stationary_combustion,DEFRA_2026,'Fuels'!D101,2026-06-18,,2026-06-18,False,False,False,False,False,True,False,
fuels.gbr.petrol_100_mineral_petrol.litre,UK Petrol (100% mineral petrol) — combustion (litres),2.35372,kg CO2e per litre,CO2e,AR5_100,scope1,stationary_combustion,DEFRA_2026,'Fuels'!D100,2026-06-18,,2026-06-18,False,False,False,False,False,True,False,
fuels.gbr.petrol_100_mineral_petrol.tonne,UK Petrol (100% mineral petrol) — combustion (tonnes),3154.08213,kg CO2e per tonne,CO2e,AR5_100,scope1,stationary_combustion,DEFRA_2026,'Fuels'!D99,2026-06-18,,2026-06-18,False,False,False,False,False,True,False,
fuels.gbr.petrol_average_biofuel_blend.kwh_gcv,UK Petrol (average biofuel blend) — combustion (kWh (Gross CV)),0.21938,kg CO2e per kWh,CO2e,AR5_100,scope1,stationary_combustion,DEFRA_2026,'Fuels'!D98,2026-06-18,Biofuel blend — CH4 component dominated by fossil; trace biogenic CH4 not separately resolved by DEFRA.,2026-06-18,False,False,False,False,False,False,False,
fuels.gbr.petrol_average_biofuel_blend.kwh_ncv,UK Petrol (average biofuel blend) — combustion (kWh (Net CV)),0.23164,kg CO2e per kWh,CO2e,AR5_100,scope1,stationary_combustion,DEFRA_2026,'Fuels'!D97,2026-06-18,Biofuel blend — CH4 component dominated by fossil; trace biogenic CH4 not separately resolved by DEFRA.,2026-06-18,False,False,False,False,False,False,False,
fuels.gbr.petrol_average_biofuel_blend.litre,UK Petrol (average biofuel blend) — combustion (litres),2.075,kg CO2e per litre,CO2e,AR5_100,scope1,stationary_combustion,DEFRA_2026,'Fuels'!D96,2026-06-18,Biofuel blend — CH4 component dominated by fossil; trace biogenic CH4 not separately resolved by DEFRA.,2026-06-18,False,False,False,False,False,False,False,
fuels.gbr.petrol_average_biofuel_blend.tonne,UK Petrol (average biofuel blend) — combustion (tonnes),2765.46935,kg CO2e per tonne,CO2e,AR5_100,scope1,stationary_combustion,DEFRA_2026,'Fuels'!D95,2026-06-18,Biofuel blend — CH4 component dominated by fossil; trace biogenic CH4 not separately resolved by DEFRA.,2026-06-18,False,False,False,False,False,False,False,
fuels.gbr.petroleum_coke.kwh_gcv,UK Petroleum coke — combustion (kWh (Gross CV)),0.34092,kg CO2e per kWh,CO2e,AR5_100,scope1,stationary_combustion,DEFRA_2026,'Fuels'!D145,2026-06-18,,2026-06-18,False,False,False,False,False,True,False,
fuels.gbr.petroleum_coke.kwh_ncv,UK Petroleum coke — combustion (kWh (Net CV)),0.35887,kg CO2e per kWh,CO2e,AR5_100,scope1,stationary_combustion,DEFRA_2026,'Fuels'!D144,2026-06-18,,2026-06-18,False,False,False,False,False,True,False,
fuels.gbr.petroleum_coke.tonne,UK Petroleum coke — combustion (tonnes),3386.57168,kg CO2e per tonne,CO2e,AR5_100,scope1,stationary_combustion,DEFRA_2026,'Fuels'!D143,2026-06-18,,2026-06-18,False,False,False,False,False,True,False,
fuels.gbr.processed_fuel_oils_distillate_oil.kwh_gcv,UK Processed fuel oils - distillate oil — combustion (kWh (Gross CV)),0.2565,kg CO2e per kWh,CO2e,AR5_100,scope1,stationary_combustion,DEFRA_2026,'Fuels'!D110,2026-06-18,,2026-06-18,False,False,False,False,False,True,False,
fuels.gbr.processed_fuel_oils_distillate_oil.kwh_ncv,UK Processed fuel oils - distillate oil — combustion (kWh (Net CV)),0.27288,kg CO2e per kWh,CO2e,AR5_100,scope1,stationary_combustion,DEFRA_2026,'Fuels'!D109,2026-06-18,,2026-06-18,False,False,False,False,False,True,False,
fuels.gbr.processed_fuel_oils_distillate_oil.litre,UK Processed fuel oils - distillate oil — combustion (litres),2.75541,kg CO2e per litre,CO2e,AR5_100,scope1,stationary_combustion,DEFRA_2026,'Fuels'!D108,2026-06-18,,2026-06-18,False,False,False,False,False,True,False,
fuels.gbr.processed_fuel_oils_distillate_oil.tonne,UK Processed fuel oils - distillate oil — combustion (tonnes),3226.57859,kg CO2e per tonne,CO2e,AR5_100,scope1,stationary_combustion,DEFRA_2026,'Fuels'!D107,2026-06-18,,2026-06-18,False,False,False,False,False,True,False,
fuels.gbr.processed_fuel_oils_residual_oil.kwh_gcv,UK Processed fuel oils - residual oil — combustion (kWh (Gross CV)),0.26813,kg CO2e per kWh,CO2e,AR5_100,scope1,stationary_combustion,DEFRA_2026,'Fuels'!D106,2026-06-18,,2026-06-18,False,False,False,False,False,True,False,
fuels.gbr.processed_fuel_oils_residual_oil.kwh_ncv,UK Processed fuel oils - residual oil — combustion (kWh (Net CV)),0.28523,kg CO2e per kWh,CO2e,AR5_100,scope1,stationary_combustion,DEFRA_2026,'Fuels'!D105,2026-06-18,,2026-06-18,False,False,False,False,False,True,False,
fuels.gbr.processed_fuel_oils_residual_oil.litre,UK Processed fuel oils - residual oil — combustion (litres),3.17492,kg CO2e per litre,CO2e,AR5_100,scope1,stationary_combustion,DEFRA_2026,'Fuels'!D104,2026-06-18,,2026-06-18,False,False,False,False,False,True,False,
fuels.gbr.processed_fuel_oils_residual_oil.tonne,UK Processed fuel oils - residual oil — combustion (tonnes),3228.89019,kg CO2e per tonne,CO2e,AR5_100,scope1,stationary_combustion,DEFRA_2026,'Fuels'!D103,2026-06-18,,2026-06-18,False,False,False,False,False,True,False,
fuels.gbr.propane.kwh_gcv,UK Propane — combustion (kWh (Gross CV)),0.2141,kg CO2e per kWh,CO2e,AR5_100,scope1,stationary_combustion,DEFRA_2026,'Fuels'!D54,2026-06-18,,2026-06-18,False,False,False,False,False,True,False,
fuels.gbr.propane.kwh_ncv,UK Propane — combustion (kWh (Net CV)),0.23258,kg CO2e per kWh,CO2e,AR5_100,scope1,stationary_combustion,DEFRA_2026,'Fuels'!D53,2026-06-18,,2026-06-18,False,False,False,False,False,True,False,
fuels.gbr.propane.litre,UK Propane — combustion (litres),1.54358,kg CO2e per litre,CO2e,AR5_100,scope1,stationary_combustion,DEFRA_2026,'Fuels'!D52,2026-06-18,,2026-06-18,False,False,False,False,False,True,False,
fuels.gbr.propane.tonne,UK Propane — combustion (tonnes),2997.63233,kg CO2e per tonne,CO2e,AR5_100,scope1,stationary_combustion,DEFRA_2026,'Fuels'!D51,2026-06-18,,2026-06-18,False,False,False,False,False,True,False,
fuels.gbr.refinery_miscellaneous.kwh_gcv,UK Refinery miscellaneous — combustion (kWh (Gross CV)),0.24663,kg CO2e per kWh,CO2e,AR5_100,scope1,stationary_combustion,DEFRA_2026,'Fuels'!D114,2026-06-18,,2026-06-18,False,False,False,False,False,True,False,
fuels.gbr.refinery_miscellaneous.kwh_ncv,UK Refinery miscellaneous — combustion (kWh (Net CV)),0.25961,kg CO2e per kWh,CO2e,AR5_100,scope1,stationary_combustion,DEFRA_2026,'Fuels'!D113,2026-06-18,,2026-06-18,False,False,False,False,False,True,False,
fuels.gbr.refinery_miscellaneous.tonne,UK Refinery miscellaneous — combustion (tonnes),2944.32093,kg CO2e per tonne,CO2e,AR5_100,scope1,stationary_combustion,DEFRA_2026,'Fuels'!D111,2026-06-18,,2026-06-18,False,False,False,False,False,True,False,
fuels.gbr.waste_oils.kwh_gcv,UK Waste oils — combustion (kWh (Gross CV)),0.25641,kg CO2e per kWh,CO2e,AR5_100,scope1,stationary_combustion,DEFRA_2026,'Fuels'!D118,2026-06-18,,2026-06-18,False,False,False,False,False,True,False,
fuels.gbr.waste_oils.kwh_ncv,UK Waste oils — combustion (kWh (Net CV)),0.27459,kg CO2e per kWh,CO2e,AR5_100,scope1,stationary_combustion,DEFRA_2026,'Fuels'!D117,2026-06-18,,2026-06-18,False,False,False,False,False,True,False,
fuels.gbr.waste_oils.litre,UK Waste oils — combustion (litres),2.74924,kg CO2e per litre,CO2e,AR5_100,scope1,stationary_combustion,DEFRA_2026,'Fuels'!D116,2026-06-18,,2026-06-18,False,False,False,False,False,True,False,
fuels.gbr.waste_oils.tonne,UK Waste oils — combustion (tonnes),3219.37916,kg CO2e per tonne,CO2e,AR5_100,scope1,stationary_combustion,DEFRA_2026,'Fuels'!D115,2026-06-18,,2026-06-18,False,False,False,False,False,True,False,
